country,time,Suicides/100k (15-24 years),Suicides/100k  (25-34 years),Suicides/100k (35-54 years),Suicides/100k (55-74 years),Suicides/100k (75+ years),Suicides/100k (all age),gdp_per_capita ($)
Albania,2000,2.08,7.33,1.07,5.64,4.02,20.14,1299
Albania,2001,3.91,10.65,8.98,5.59,3.22,32.35,1451
Albania,2002,5.7,11.15,9.16,6.56,12.9,45.47,1573
Albania,2003,5.49,4.38,7.25,7.94,3.06,28.12,2021
Albania,2004,6.63,7.85,9.95,4.83,11.26,40.52,2544
Albania,2005,0,0,0,0,0,0,2931
Albania,2006,0,0,0,0,0,0,3235
Albania,2007,4.51,5.22,7.66,6.25,18.88,42.52,3863
Albania,2008,3.84,12.15,9.81,9.18,4.49,39.47,4672
Albania,2009,0,0,0,0,0,0,4387
Antigua and Barbuda,2000,0,0,9.97,30,0,39.97,11021
Antigua and Barbuda,2001,0,0,19.45,0,0,19.45,10468
Antigua and Barbuda,2002,0,0,0,0,0,0,10499
Antigua and Barbuda,2003,0,0,0,27.82,0,27.82,10878
Antigua and Barbuda,2004,0,0,8.77,27.29,0,36.06,11535
Antigua and Barbuda,2005,0,0,0,0,0,0,12649
Antigua and Barbuda,2006,0,0,0,0,0,0,14114
Antigua and Barbuda,2007,0,0,7.98,0,0,7.98,15775
Antigua and Barbuda,2008,0,0,0,0,0,0,16238
Antigua and Barbuda,2009,0,0,0,0,0,0,14335
Argentina,2000,14,12.72,14.11,25.8,44.18,110.81,8462
Argentina,2001,15.58,14.02,15.08,27.94,45.66,118.28,7900
Argentina,2002,16.27,14.94,14.77,25.76,41.31,113.05,2840
Argentina,2003,19.15,16.02,14.75,23.83,46.75,120.5,3668
Argentina,2004,19.59,15.19,13.98,20.33,38.25,107.34,4683
Argentina,2005,19.08,15.01,12.43,19.52,37.43,103.47,5590
Argentina,2006,19.54,15.74,13.34,19.17,39.68,107.47,6475
Argentina,2007,17.07,15.68,12.87,16.96,35.43,98.01,7918
Argentina,2008,18.33,16.74,12.94,17.6,32.19,97.8,9843
Argentina,2009,17.72,15.7,11.87,16.17,27.09,88.55,8961
Armenia,2000,1.68,1.76,3.74,5.98,10.64,23.8,530
Armenia,2001,1.11,0.7,3.85,7.47,7.46,20.59,587
Armenia,2002,1.7,5.81,5.26,9.67,10.32,32.76,788
Armenia,2003,0.33,4.75,4.96,7.21,9.23,26.48,928
Armenia,2006,3.62,3.19,4.63,11.38,12.47,35.29,2310
Armenia,2007,2.57,2.09,5.25,7.02,14.2,31.13,3366
Armenia,2008,0.94,1.6,2.56,9.05,14.93,29.08,3829
Armenia,2009,1.92,1.01,4.83,5.8,15.76,29.32,3215
Aruba,2000,0,43.94,14.06,0,101.11,159.11,22333
Aruba,2001,0,0,27.28,0,0,27.28,22317
Aruba,2002,16.84,30.96,13.26,65.4,0,126.46,21987
Aruba,2003,0,0,12.93,0,0,12.93,22345
Aruba,2004,0,16.22,12.67,44.76,88.03,161.68,24133
Aruba,2005,0,0,18.74,28.62,0,47.36,24870
Aruba,2006,0,66.73,18.65,0,0,85.38,25622
Aruba,2007,15.53,33.7,18.7,13.09,0,81.02,27672
Aruba,2008,0,17.1,6.28,12.56,0,35.94,29447
Aruba,2009,0,17.46,12.71,12.06,0,42.23,26361
Australia,2000,20.33,32.57,26.9,18.46,27.64,125.9,23219
Australia,2001,20.72,34.25,26.82,18.9,26.28,126.97,20860
Australia,2002,17.92,31.54,26.38,16.35,22.1,114.29,21474
Australia,2003,17.42,27.41,23.02,16.89,21.62,106.36,25059
Australia,2004,14.43,26.78,22.83,17.02,25.77,106.83,32454
Australia,2006,15.9,19.2,23.7,17.43,22.49,98.72,39014
Australia,2007,15.44,23.19,23.07,16.25,23,100.95,43171
Australia,2008,14.61,23.41,25.37,18.45,21.88,103.72,52315
Australia,2009,13.08,21.44,24.74,17.52,23.82,100.6,45128
Austria,2000,21.82,23.92,32.93,46.82,99.51,225,25922
Austria,2001,20.68,23.51,31.6,42.02,83.89,201.7,25848
Austria,2002,20.04,26.93,34.74,43.08,99.84,224.63,27772
Austria,2003,18.13,20.72,30.12,40.54,91.31,200.82,33889
Austria,2004,21.59,21.59,27.79,39.9,93.66,204.53,38711
Austria,2005,16.1,18.58,28.74,42.32,79.03,184.77,40367
Austria,2006,14.88,18.88,29.81,33.61,78.38,175.56,42698
Austria,2007,17.96,18.24,25.63,34.1,75.46,171.39,49218
Austria,2008,11.37,15.85,26.24,34.01,86.55,174.02,54294
Austria,2009,13.85,18.24,25.59,33.87,79.3,170.85,50356
Azerbaijan,2000,1.49,1.81,1.5,2.49,2.64,9.93,711
Azerbaijan,2001,7.31,6.63,8.1,9.52,7.2,38.76,759
Azerbaijan,2002,1.13,1.16,3.16,5.31,4.39,15.15,820
Azerbaijan,2003,2.06,1.98,3.83,3.89,5.89,17.65,948
Azerbaijan,2004,1.17,2.46,3.72,1.93,0,9.28,1122
Azerbaijan,2007,0.33,1.23,1.31,2.1,3.98,8.95,4172
Bahamas,2000,0,16.44,13.87,0,0,30.31,29942
Bahamas,2001,0,0,2.68,0,0,2.68,30122
Bahamas,2002,7.38,0,2.59,0,0,9.97,31432
Bahamas,2003,0,0,2.49,0,0,2.49,30704
Bahamas,2004,3.53,0,2.4,0,0,5.93,30671
Bahamas,2005,0,3.79,2.32,0,0,6.11,32596
Bahamas,2006,3.39,0,2.25,0,0,5.64,32957
Bahamas,2007,3.31,3.7,4.37,0,0,11.38,33710
Bahamas,2008,3.24,3.65,2.12,0,0,9.01,32746
Bahamas,2009,6.36,3.59,4.1,0,0,14.05,30450
Bahrain,2000,3.38,18.55,8.92,0,0,30.85,15345
Bahrain,2001,2.93,8.8,6.77,5.58,0,24.08,14383
Bahrain,2002,2.62,7.2,7.11,0,0,16.93,14572
Bahrain,2003,3.61,8.51,12.38,0,0,24.5,15756
Bahrain,2004,2.26,16.27,6.63,19.31,0,44.47,17497
Bahrain,2005,5,10.54,8.01,7.34,0,30.89,19485
Bahrain,2006,1.16,7.56,1.56,3.34,0,13.62,20826
Bahrain,2007,5.38,7.91,6.12,6.07,0,25.48,22524
Bahrain,2008,0,10.67,5.76,2.79,0,19.22,25106
Bahrain,2009,3.91,4.05,5.77,2.63,0,16.36,20988
Barbados,2000,4.99,19.07,8.11,0,0,32.17,12430
Barbados,2001,0,0,2.66,5.99,0,8.65,12348
Barbados,2002,0,0,0,0,0,0,12511
Barbados,2003,0,0,0,0,0,0,12887
Barbados,2004,0,0,7.79,0,0,7.79,13786
Barbados,2005,0,0,2.58,0,0,2.58,15230
Barbados,2006,0,10.16,12.83,5.12,17.27,45.38,16531
Barbados,2007,0,0,0,0,0,0,17528
Barbados,2008,0,0,0,0,0,0,17760
Barbados,2009,0,0,7.61,4.58,16.61,28.8,17007
Belarus,2000,38.91,73.73,95.02,96.06,80.5,384.22,1335
Belarus,2001,39.05,69.35,88.95,89.9,70.63,357.88,1299
Belarus,2002,36.33,74.77,88.38,84.32,64.3,348.1,1541
Belarus,2003,34.58,78.04,91.34,94.27,81.1,379.33,1892
Belarus,2007,32.57,56.01,64.31,71.22,77.39,301.5,4898
Belarus,2008,30.06,50.86,68.85,67.17,82.02,298.96,6601
Belarus,2009,36.02,58.96,64.95,64.15,91.17,315.25,5366
Belgium,2000,22.02,36.24,38.96,37.06,67.19,201.47,24592
Belgium,2001,18.68,33.31,44.99,37.55,62.94,197.47,24494
Belgium,2002,16.88,33.15,41.5,35.23,61.64,188.4,26526
Belgium,2003,19.01,31.47,44.47,32.69,61.93,189.57,32538
Belgium,2004,19.42,29.44,40.05,34.11,52.7,175.72,37661
Belgium,2005,15.28,28.18,41.49,36.34,55.13,176.42,39124
Belgium,2006,13.32,31.47,39.51,32.34,44.39,161.03,41135
Belgium,2007,13.97,25.23,36.87,29.52,49.17,154.76,47040
Belgium,2008,16.74,25.59,41.18,32.11,50.97,166.59,51345
Belgium,2009,13.6,26.05,40.92,34.02,49.46,164.05,47630
Belize,2000,11.83,20.48,20.19,27.23,62.77,142.5,3960
Belize,2001,19.18,34.12,14.47,13.64,61.46,142.87,4013
Belize,2002,3.74,4.68,27.6,13.66,0,49.68,4161
Belize,2003,3.64,13.63,8.74,13.68,0,39.69,4289
Belize,2004,24.84,17.73,20.66,41.01,0,104.24,4449
Belize,2005,10.38,21.68,7.78,0,0,39.84,4547
Belize,2006,10.18,4.32,14.57,0,0,29.07,4815
Belize,2007,6.65,0,6.88,0,55.49,69.02,4951
Belize,2008,6.5,4.26,19.67,0,51.79,82.22,5098
Belize,2009,15.86,12.65,6.3,9.5,0,44.31,4841
Brazil,2000,5.93,8.51,10.16,12.02,19.95,56.57,4156
Brazil,2001,7.13,9.78,11.06,12.48,20.99,61.44,3492
Brazil,2002,6.86,9.56,10.53,11.74,17.53,56.22,3121
Brazil,2003,7,9.43,10.83,12.13,16.47,55.86,3376
Brazil,2004,7.06,9.79,10.26,11.59,19.07,57.77,3984
Brazil,2005,6.9,9.52,11.2,13.19,19.95,60.76,5230
Brazil,2006,7.16,9.78,11.17,12.02,17.45,57.58,6403
Brazil,2007,7.04,10.01,10.87,12.69,18.44,59.05,7970
Brazil,2008,7.69,10.38,11.06,12.04,18.4,59.57,9555
Brazil,2009,7.14,10.97,11.39,12.22,16.36,58.08,9283
Bulgaria,2000,8.91,17.36,32.91,35.52,96.58,191.28,1680
Bulgaria,2001,11.06,17.55,27.37,39.86,84.01,179.85,1854
Bulgaria,2002,9.07,17.26,28.96,40.79,91.16,187.24,2157
Bulgaria,2003,8.82,11.82,24.16,31.23,81.04,157.07,2800
Bulgaria,2004,7.29,12.67,22.13,30.68,68.88,141.65,3485
Bulgaria,2005,7.21,13.02,20.02,33.3,60.05,133.6,4003
Bulgaria,2006,8.47,13.55,18.42,33.93,72.48,146.85,4638
Bulgaria,2007,7.52,9.43,16.97,29.59,70.16,133.67,6073
Bulgaria,2008,9.52,10.31,19.37,30.93,60.36,130.49,7487
Bulgaria,2009,5.95,10.42,19.93,30.13,53.96,120.39,7186
Canada,2000,20.18,21.74,25.91,19.03,22.66,109.52,25589
Canada,2001,18.36,22.91,27.53,19.56,19.67,108.03,25165
Canada,2002,17.51,21.24,26.22,20.66,23.71,109.34,25570
Canada,2003,18.5,19.32,26.6,22.03,21,107.45,29787
Canada,2004,16.99,21.48,24.28,18.26,20.68,101.69,33787
Canada,2005,16.8,18.56,26.72,19.23,21.37,102.68,38218
Canada,2006,14.47,16.3,23.8,20.58,23.31,98.46,42566
Canada,2007,15.49,17.95,24.17,17.93,21.86,97.4,46890
Canada,2008,14.69,17.28,24.44,18.96,22.16,97.53,49041
Canada,2009,14.82,18.79,26.11,21.14,20.38,101.24,42933
Chile,2000,16.81,24.27,23.8,26.21,40.66,131.75,5584
Chile,2001,19.42,23.67,27.37,28.42,29.88,128.76,5020
Chile,2002,18.2,23.67,25.6,25.63,34.66,127.76,4866
Chile,2003,17.37,24.56,25.09,28.2,36.41,131.63,5208
Chile,2004,21.54,25.36,25.2,25.96,36.01,134.07,6744
Chile,2005,19.08,22.47,23.53,26.26,34.23,125.57,8256
Chile,2006,18.19,23.05,26.96,25.77,38.91,132.88,10270
Chile,2007,21.23,24.78,23.67,26.19,28.72,124.59,11387
Chile,2008,23.02,27.45,27.05,27.42,32.54,137.48,11653
Chile,2009,22.91,28.43,26.6,28.31,37.48,143.73,11062
Colombia,2000,15.73,13.23,10.31,13.28,20.66,73.21,2755
Colombia,2001,14.84,13.19,10.78,15.12,17.76,71.69,2662
Colombia,2002,14.37,13.76,10.32,11,15.18,64.63,2613
Colombia,2003,12.26,12.61,9.05,13.99,14.97,62.88,2489
Colombia,2004,12.5,11.7,9.27,13.04,21.91,68.42,3033
Colombia,2005,12.28,10.24,8.43,11.89,18.12,60.96,3742
Colombia,2006,12.32,11.68,8.61,10.96,21.46,65.03,4095
Colombia,2007,11.61,11.51,8.85,12.14,17.71,61.82,5150
Colombia,2008,11.24,11.45,9.34,11.79,17.57,61.39,5971
Colombia,2009,11.26,11.47,9.31,11.32,17.74,61.1,5643
Costa Rica,2000,14.46,16.41,16.62,13.07,16.89,77.45,4233
Costa Rica,2001,8.51,14.35,12.75,11.48,18.63,65.72,4412
Costa Rica,2002,15.07,17.45,17.06,13.98,20.19,83.75,4485
Costa Rica,2003,15.78,17.55,17.99,18.62,31.18,101.12,4583
Costa Rica,2004,17.01,18.84,20.06,19.19,11.43,86.53,4850
Costa Rica,2005,10.85,14.77,18.48,15.34,8.73,68.17,5133
Costa Rica,2006,15.33,18.32,22.7,15.62,10.36,82.33,5716
Costa Rica,2007,11.09,15.49,16.3,13.03,7.9,63.81,6661
Costa Rica,2008,12.46,10.79,17.97,12.19,7.55,60.96,7517
Costa Rica,2009,12.17,16.57,15.05,12.12,10.83,66.74,7403
Croatia,2000,18.83,23.13,43.51,60.37,104.05,249.89,5288
Croatia,2001,17.83,24.28,36.01,54.07,92.08,224.27,5571
Croatia,2002,17.19,27.56,30.73,52.93,107.97,236.38,6373
Croatia,2003,18.63,22.07,35.04,55.65,97.56,228.95,8202
Croatia,2004,10.26,19.52,33.21,52.46,125.28,240.73,9829
Croatia,2005,13.09,18.95,35.28,56.55,85.1,208.97,10722
Croatia,2006,16.67,18.7,32.36,40.41,81.48,189.62,11914
Croatia,2007,11.75,16.66,31.05,46.4,83.61,189.47,14204
Croatia,2008,14.04,15.6,31.91,44.39,108.98,214.92,16680
Croatia,2009,16.15,13.92,35,43.72,97.18,205.97,14872
Cuba,2000,13.84,22.81,28.16,41.34,98.28,204.43,2940
Cuba,2001,10.19,20.11,24.31,42.52,90.6,187.73,3037
Cuba,2002,9.01,18.62,24.49,36.46,91.65,180.23,3205
Cuba,2003,7.9,17.9,24.03,35.48,88.22,173.53,3409
Cuba,2004,7.72,16.07,24.1,39.13,83.71,170.73,3611
Cuba,2005,6.97,15.42,21.9,31.49,84.34,160.12,4017
Cuba,2006,6.38,16.45,21.51,36.33,87.51,168.18,4951
Cuba,2007,5.96,13.2,20.15,36.57,77.05,152.93,5488
Cuba,2008,6.19,11.77,21.85,34.57,80.16,154.54,5686
Cuba,2009,7.54,16.79,22.71,33.46,82.21,162.71,5797
Cyprus,2000,0,6.76,1.6,0,0,8.36,11635
Cyprus,2004,0,0,3.05,3.31,0,6.36,25227
Cyprus,2005,3.33,3.86,4.03,6.38,0,17.6,26671
Cyprus,2006,1.63,7.43,2,7.71,0,18.77,28600
Cyprus,2007,4.74,7.17,2.94,4.46,11.18,30.49,33048
Cyprus,2008,4.63,11.97,15.38,4.29,10.85,47.12,37267
Cyprus,2009,7.56,9.73,6.61,5.5,15.78,45.18,33816
Czech Republic,2000,17.43,22.21,36.62,33.59,72.92,182.77,6278
Czech Republic,2001,17.07,21.25,37.46,31.74,74.06,181.58,6863
Czech Republic,2002,12.19,21.98,35.52,30.61,71.2,171.5,8399
Czech Republic,2003,15.96,24.46,39.69,32.34,78.1,190.55,10220
Czech Republic,2004,15.55,22.37,37.76,32.57,58.05,166.3,12226
Czech Republic,2005,12.23,23.69,36.15,34.77,52.47,159.31,13961
Czech Republic,2006,14.62,17.52,32.17,29.23,56.24,149.78,15896
Czech Republic,2007,14.49,19.8,30.68,30.74,47.6,143.31,19273
Czech Republic,2008,13.86,18.16,29.78,27.05,58.11,146.96,23811
Czech Republic,2009,11.82,22.61,32.15,30.63,56.19,153.4,20748
Denmark,2000,12.56,15.13,27.81,28.67,52,136.17,32841
Denmark,2001,12.49,14.7,26.03,24.01,58.72,135.95,32837
Denmark,2002,13.24,16.67,23.19,26.48,54.79,134.37,35435
Denmark,2003,7.98,12.75,26.27,23.79,51.75,122.54,43129
Denmark,2004,10.93,16.22,22.99,22.58,48.49,121.21,49552
Denmark,2005,6.88,14.56,20.22,24.61,57.91,124.18,51960
Denmark,2006,7.69,14.61,20.57,26.95,54.51,124.33,55354
Denmark,2007,4.69,16.13,18.42,21.22,40.33,100.79,62229
Denmark,2008,9.08,14.06,19.01,21.33,41.94,105.42,68447
Denmark,2009,7.06,10.72,23.53,27.3,42.62,111.23,61863
Ecuador,2000,10.63,8.32,8.14,6.04,7.33,40.46,1650
Ecuador,2001,10.32,9.84,7.72,7.63,13.09,48.6,2160
Ecuador,2002,10.32,8.54,8.24,7.42,10.01,44.53,2472
Ecuador,2003,10.61,9.08,10.84,9.06,8.79,48.38,2755
Ecuador,2004,12.48,12.78,9.81,12.18,13.02,60.27,3051
Ecuador,2005,15.33,13.8,13.63,12.61,16.91,72.28,3397
Ecuador,2006,11.44,13.93,11.17,12.31,16.32,65.17,3759
Ecuador,2007,16.99,13.97,12.06,14.68,12.36,70.06,4024
Ecuador,2008,14.91,14.89,10.11,12.38,20.61,72.9,4787
Ecuador,2009,15.08,15.42,11.24,15.08,12.88,69.7,4762
El Salvador,2000,20.52,20.92,18.2,11.94,6.53,78.11,2303
El Salvador,2001,24.26,22.77,17.96,15.96,16.52,97.47,2373
El Salvador,2002,17.73,17.85,16.37,14.63,21.67,88.25,2421
El Salvador,2003,20.86,29.28,19.63,17.04,15.11,101.92,2507
El Salvador,2004,19.99,21.5,19.78,15.37,12.69,89.33,2573
El Salvador,2005,18.85,21.56,16.57,16.99,15.68,89.65,2733
El Salvador,2006,16.06,19.94,14.51,11.43,14.8,76.74,2947
El Salvador,2007,16.51,28.36,20.42,18.71,20.26,104.26,3111
El Salvador,2008,18.49,25.65,18.77,13.25,28.18,104.34,3271
El Salvador,2009,16.26,29.94,20.39,16.88,18.4,101.87,3184
Estonia,2000,29.12,39,73.13,55.89,98.62,295.76,4262
Estonia,2001,34.99,44.99,72.63,71.72,60.08,284.41,4711
Estonia,2002,33.03,53.87,63.35,63.49,80.44,294.18,5561
Estonia,2003,30,38.52,63.25,59.37,84.9,276.04,7523
Estonia,2004,29.88,43.76,57.06,62.71,55.3,248.71,9293
Estonia,2005,26.07,32.77,53.5,42.86,52.55,207.75,10870
Estonia,2006,25.42,21.68,40.4,47.95,54.12,189.57,13264
Estonia,2007,20.91,40.57,36.63,49.52,78.18,225.81,17504
Estonia,2008,29.58,23.96,39.46,39.92,65.12,198.04,19141
Estonia,2009,24.29,31.17,48.94,55.48,46.18,206.06,15609
Fiji,2001,9.41,8.24,11.05,12.59,0,41.29,2307
Fiji,2002,10.69,6.5,5.34,15.09,28.51,66.13,2548
Fiji,2003,3.62,0,1.03,5.78,0,10.43,3192
Fiji,2004,3.68,6.34,2,13.77,52.95,78.74,3744
Fiji,2005,2.5,4.69,8.71,2.61,25.79,44.3,4104
Fiji,2006,5.01,6.1,5.8,0,0,16.91,4206
Fiji,2007,3.75,2.96,1.93,7.4,0,16.04,4570
Fiji,2008,3.73,12.9,10.54,4.77,0,31.94,4675
Fiji,2009,3.71,6.97,7.61,6.91,0,25.2,3765
Finland,2000,31.14,46.46,49.83,35.9,42.13,205.46,25716
Finland,2001,27.71,46.95,53.57,43.21,40.43,211.87,26383
Finland,2002,29.08,37.65,42.76,40.97,50.29,200.75,28390
Finland,2003,28.57,33.97,47.99,34.08,43.95,188.56,34701
Finland,2004,33.06,36.52,40.12,41.2,39.56,190.46,39793
Finland,2005,20.36,30.29,39.24,35.27,49.37,174.53,41202
Finland,2006,32.2,34.28,41.21,39.89,32.5,180.08,43487
Finland,2007,26.46,30.18,40.01,35.12,41.27,173.04,51089
Finland,2008,24.06,33.91,45.18,38.01,31.72,172.88,56521
Finland,2009,26.45,34.73,40.43,33.23,38.17,173.01,49878
France,2000,12.12,26.05,38.72,36.53,86.6,200.02,24648
France,2001,11.1,26.11,37.65,34.76,76.06,185.68,24796
France,2002,11.89,26.12,37.51,35.07,72.53,183.12,26714
France,2003,12.46,25.46,40.08,34.07,75.83,187.9,32656
France,2004,12.16,23.32,39.99,32.85,70.43,178.75,37240
France,2005,11,23.37,37.88,33.95,73.25,179.45,38420
France,2006,9.92,22.44,37.15,32.63,67.89,170.03,40097
France,2007,9.93,21.47,36.24,30.31,68.04,165.99,45682
France,2008,10.63,21.75,35.66,32.67,67.8,168.51,49901
France,2009,10.22,21.55,36.64,33.43,66.39,168.23,45775
Georgia,2000,2.31,4.97,5.88,11.47,12.74,37.37,734
Georgia,2001,2.33,3.7,4.1,7.96,7.23,25.32,777
Georgia,2004,3.72,9.8,10.1,8.5,24.89,57.01,1253
Georgia,2005,1.4,4.26,5.13,4.52,6.78,22.09,1552
Georgia,2006,1.91,4.15,3.13,4.78,5.05,19.02,1859
Georgia,2007,1.9,4.43,5.05,7.12,11.98,30.48,2448
Georgia,2009,5.55,7.4,8.29,10.49,19.87,51.6,2589
Germany,2000,12.21,16.38,24.07,28.86,61.5,143.02,24922
Germany,2001,12.45,16.84,24.43,27.61,60.99,142.32,24874
Germany,2002,12.61,16.08,24.17,26.85,60.41,140.12,26441
Germany,2003,11,16.09,24.36,27.44,59.34,138.23,31816
Germany,2004,10.52,15.78,22.94,27.23,55.76,132.23,35772
Germany,2005,9.7,14.44,21.88,25.37,52.12,123.51,36289
Germany,2006,9.24,12.67,20.18,25.62,49.81,117.52,38088
Germany,2007,9.19,13.31,19.36,24.22,47.28,113.36,43667
Germany,2008,9.46,12.88,19.95,23.8,46.02,112.11,47702
Germany,2009,9.31,12.97,20.42,24.46,46.5,113.66,43570
Greece,2000,3.77,6.55,6.63,7.33,10.6,34.88,12509
Greece,2001,2.85,5.46,6.68,7.53,10.24,32.76,13043
Greece,2002,3.34,3.84,5.04,7.73,10.97,30.92,14676
Greece,2003,3.2,5.19,7.69,7.51,10.1,33.69,19202
Greece,2004,3.02,5.3,5.89,6.62,13.7,34.53,22804
Greece,2005,2.55,5.08,6.99,7.92,15.16,37.7,23414
Greece,2006,3.08,5.32,7.15,7.27,15.64,38.46,25739
Greece,2007,2.87,5.34,6.2,6.52,6.25,27.18,29896
Greece,2008,2.34,5.95,6.97,6.15,13.23,34.64,33168
Greece,2009,2.72,6.48,7.78,7,11.27,35.25,30785
Grenada,2001,0,0,0,0,0,0,5693
Grenada,2002,0,0,0,0,0,0,5879
Grenada,2003,0,0,20.64,48.54,0,69.18,6385
Grenada,2004,0,13.37,0,0,0,13.37,6428
Grenada,2005,0,13.01,10.05,48.04,75.7,146.8,7422
Grenada,2006,0,0,9.89,0,0,9.89,7423
Grenada,2007,0,12.22,0,23.13,0,35.35,8035
Grenada,2008,0,0,0,0,0,0,8733
Grenada,2009,0,0,0,0,0,0,8140
Guatemala,2000,4.09,6.31,2.43,5.7,4.5,23.03,1977
Guatemala,2001,4.23,4.72,4.86,4.56,7.01,25.38,1867
Guatemala,2002,4.77,6.1,6.05,6.89,5.26,29.07,2022
Guatemala,2003,5.21,6.36,6,4.44,9.92,31.93,2079
Guatemala,2004,5.48,5.76,4.22,4.62,3.52,23.6,2215
Guatemala,2005,4.53,4.84,4.77,4.26,8.92,27.32,2450
Guatemala,2006,5.86,5.96,5.93,5.64,10.56,33.95,2653
Guatemala,2007,5.91,7.28,7.74,6.19,7.03,34.15,2914
Guatemala,2008,9.04,9.28,9.22,9,8.64,45.18,3252
Guatemala,2009,7.86,7.93,10.69,8.48,11.06,46.02,3053
Guyana,2001,33.47,75.73,78.57,85.41,39.11,312.29,1054
Guyana,2002,48.04,57.03,72.19,59.49,19.31,256.06,1090
Guyana,2003,42.31,72.17,75.89,65.32,38.71,294.4,1116
Guyana,2004,39.15,74.31,57.05,55.69,78.79,304.99,1180
Guyana,2005,32.41,75.09,50.53,68.12,40.71,266.86,1235
Guyana,2006,44.31,84.7,58.29,62.28,60.75,310.33,2182
Guyana,2007,40.84,51.76,84.39,36.84,61.21,275.04,2602
Guyana,2008,29.94,55.57,60.71,58.48,61.88,266.58,2873
Guyana,2009,20.75,48.26,57.85,47.29,41.37,215.52,3076
Hungary,2000,17.5,40.41,79.37,77.91,144.15,359.34,4966
Hungary,2001,17.71,33.09,74.77,65.84,134.39,325.8,5546
Hungary,2002,17.02,29.47,72.1,65.99,121.11,305.69,6995
Hungary,2003,14.4,28.9,68.15,72.57,110.39,294.41,8840
Hungary,2004,16.25,28.79,67.87,60.54,120.1,293.55,10806
Hungary,2005,11.95,26.34,66.54,60.11,120.75,285.69,11764
Hungary,2006,12.73,23.9,60.36,59.94,89.86,246.79,12021
Hungary,2007,11.8,23.17,57.96,61.13,109.34,263.4,14609
Hungary,2008,11.77,22.43,58.35,62.73,112.56,267.84,16540
Hungary,2009,17.3,23.42,56.98,63.67,90.54,251.91,13697
Iceland,2000,59.83,62.35,25.63,30.35,0,178.16,34372
Iceland,2001,36.85,23.68,22.63,19.74,32.78,135.68,30850
Iceland,2002,13.88,33.34,9.93,28.77,0,85.92,34556
Iceland,2003,22.88,4.81,19.75,27.95,0,75.39,42174
Iceland,2004,27.28,18.95,21.82,18.05,44.64,130.74,50528
Iceland,2005,13.57,27.82,24.07,21.8,0,87.26,60712
Iceland,2006,26.35,8.64,22.72,16.8,0,74.51,60243
Iceland,2007,30.13,24.54,26.26,8.11,40.25,129.29,73590
Iceland,2008,16.57,19.46,21.52,27.41,13.15,98.11,59489
Iceland,2009,8.34,24.28,22.32,38.07,12.84,105.85,43700
Ireland,2000,26.05,34.92,27.5,18.45,10.04,116.96,28340
Ireland,2001,27.41,35.21,27.15,23.16,12.68,125.61,30536
Ireland,2002,27.33,32.42,20.91,21.06,9.7,111.42,35154
Ireland,2003,28.56,19.26,25.51,18.71,13.59,105.63,44473
Ireland,2004,26.51,25.82,28.17,19.11,9.29,108.9,51662
Ireland,2005,24.78,24.99,24.23,18.25,2.57,94.82,55213
Ireland,2006,27.1,23.45,21.63,18.32,13.81,104.31,58941
Ireland,2007,23.72,23.5,20.16,18,9.86,95.24,67032
Ireland,2008,22.24,25.33,23.58,18.94,7.19,97.28,67173
Ireland,2009,24.1,28.67,25.84,20.65,5.8,105.06,57390
Israel,2000,11.77,14.37,14.08,10.34,35.28,85.84,23451
Israel,2001,13.63,12.11,12.97,15.51,33.34,87.56,22623
Israel,2002,10.68,11.89,13.52,11.92,23.9,71.91,20536
Israel,2003,10.95,11.18,16.9,17.79,23.31,80.13,21133
Israel,2004,11.91,12.67,12,15.95,24.38,76.91,22168
Israel,2005,11.45,10.58,12.22,12.31,27.69,74.25,22901
Israel,2006,10.48,9.52,10.87,13.88,16.96,61.71,24306
Israel,2007,7.66,9.41,10.82,10.94,21.9,60.73,27712
Israel,2008,10.97,7.65,10.01,13.08,31.82,73.53,32874
Israel,2009,8.04,12.02,10.87,15.43,16.27,62.63,30812
Italy,2000,6.67,10.09,11.58,15.2,34.45,77.99,21027
Italy,2001,6.48,10.18,11.07,15.61,33.43,76.77,21392
Italy,2002,6.5,10.8,11.61,15.82,31.91,76.64,23227
Italy,2003,6.16,9.41,11.46,14.89,33.46,75.38,28572
Italy,2004,5.25,10.32,11.22,14.74,31.68,73.21,32704
Italy,2005,5.57,8.14,10.62,14.02,26.32,64.67,33536
Italy,2006,4.67,8.18,10.13,13.83,29.26,66.07,34578
Italy,2007,5.47,8.6,9.93,13.97,28.35,66.32,38935
Italy,2008,5.16,8.97,10.92,14.37,26.27,65.69,41935
Italy,2009,4.61,8.43,11.57,14.58,27.58,66.77,38101
Jamaica,2000,0.42,0,0.74,0,0,1.16,3795
Jamaica,2001,0,0.49,0.36,1.54,0,2.39,3838
Jamaica,2002,0,0,0.7,0,0,0.7,4013
Jamaica,2003,0,0.5,0,0,0,0.5,3852
Jamaica,2004,0,0,0,0.74,0,0.74,4119
Jamaica,2005,2.38,6.65,4.6,5.05,4.38,23.06,4505
Jamaica,2006,0,0,0,0,0,0,4738
Jamaica,2009,1.86,4.51,2.78,3.86,6.27,19.28,4686
Japan,2000,15.79,26.5,45.74,56.92,50.8,195.75,40813
Japan,2001,14.59,25.23,45.18,54.68,49.71,189.39,35843
Japan,2002,14.74,25.98,47.55,55.07,47.2,190.54,34239
Japan,2003,15.48,31.13,52.74,56.48,45.19,201.02,36926
Japan,2004,16.92,28.97,48.28,51.55,46.25,191.97,39960
Japan,2005,17.65,31.85,48.73,50.67,43.32,192.22,39412
Japan,2006,18.18,30.45,45.01,49.5,43.11,186.25,37534
Japan,2007,18.43,30.54,45.9,50.74,46.48,192.09,37408
Japan,2008,20.2,32.2,44.09,48.74,42.94,188.17,41773
Japan,2009,20.36,33.27,46.43,49.2,42.83,192.09,43415
Kazakhstan,2000,45.58,75.24,84.72,83.87,60.28,349.69,1328
Kazakhstan,2001,48.33,75.43,84.06,81,62.16,350.98,1608
Kazakhstan,2002,43.9,73.12,76.94,82.56,57.68,334.2,1788
Kazakhstan,2003,44.99,82.15,74.69,75.41,60.5,337.74,2232
Kazakhstan,2004,49.66,83.42,76.11,62.44,70.77,342.4,3110
Kazakhstan,2005,42.13,73.91,64.69,56.13,54.26,291.12,4096
Kazakhstan,2006,42.94,79.39,63.96,59.69,61.14,307.12,5770
Kazakhstan,2007,42.01,76.05,65.86,55.11,65.87,304.9,7423
Kazakhstan,2008,42.65,69.8,60.26,49.95,73.62,296.28,9387
Kazakhstan,2009,39.66,67.1,59.63,47.95,51.49,265.83,8024
Kiribati,2000,0,0,0,0,0,0,928
Kiribati,2001,0,0,0,0,0,0,854
Kuwait,2000,1.83,2.95,1.16,1.64,0,7.58,19112
Kuwait,2001,1.16,2.18,3.31,0,0,6.65,17116
Kuwait,2002,2.7,2.83,3.73,0,0,9.26,17668
Kuwait,2003,0.95,3.71,4.28,0,0,8.94,24544
Kuwait,2004,2.43,1.88,4.23,0,0,8.54,29778
Kuwait,2005,1,6.06,4.11,1.33,0,12.5,39166
Kuwait,2006,0.93,4.99,3.24,0,0,9.16,46890
Kuwait,2007,1.87,3.28,1.25,2.01,0,8.41,37283
Kuwait,2008,1.76,1.82,1.79,0.91,0,6.28,43746
Kuwait,2009,1.53,2.2,2.94,0,0,6.67,33453
Kyrgyzstan,2000,16.14,24.09,30.12,42.89,27.67,140.91,313
Kyrgyzstan,2001,24.02,24.04,34.61,36.5,43.66,162.83,345
Kyrgyzstan,2002,18.88,27.36,36.56,29.38,26.46,138.64,359
Kyrgyzstan,2003,13.61,24.71,28.84,36.27,9.02,112.45,424
Kyrgyzstan,2004,12.92,19.82,26.3,30.91,24.92,114.87,484
Kyrgyzstan,2005,15.03,26.01,24.3,21.2,24.38,110.92,533
Kyrgyzstan,2006,14.07,26,22.57,15.08,34.11,111.83,610
Kyrgyzstan,2007,16.06,20.99,22.72,19.37,10.26,89.4,814
Kyrgyzstan,2008,15.76,22.35,22.38,21.67,20.34,102.5,1096
Kyrgyzstan,2009,13.36,25.72,23.04,14.23,10.98,87.33,977
Latvia,2000,30.61,51.27,86.46,86.08,118.84,373.26,3494
Latvia,2001,25.3,52.97,82.55,82.57,69.53,312.92,3724
Latvia,2002,30.22,44.77,75.54,71.1,72.57,294.2,4311
Latvia,2003,24.81,45.8,67.83,64.19,96.67,299.3,5364
Latvia,2004,22.43,38.52,64.11,70.41,75.86,271.33,6644
Latvia,2005,25.27,52.48,61.52,59.52,49.33,248.12,7916
Latvia,2006,27.73,39.87,56.62,53.68,69.6,247.5,10139
Latvia,2007,18.36,38.05,48.56,45.03,93.67,243.67,14758
Latvia,2008,23.15,48.7,54.98,62.9,80.07,269.8,17217
Latvia,2009,23.97,44.86,57.79,60.94,69.77,257.33,12890
Lithuania,2000,51.88,88.45,131.9,117.37,79.12,468.72,3481
Lithuania,2001,46.95,78.13,123.17,116.49,110.22,474.96,3719
Lithuania,2002,61.17,85.78,134.29,103.28,86.52,471.04,4360
Lithuania,2003,47.71,87.85,115.34,105.08,92.71,448.69,5778
Lithuania,2004,45.27,84.69,107.27,99.31,79.98,416.52,7028
Lithuania,2005,40.15,77.77,103.35,106.39,82.74,410.4,8229
Lithuania,2006,39.67,44.71,81.31,88.29,77.95,331.93,9667
Lithuania,2007,41.46,69.47,72.86,82.29,75.5,341.58,12869
Lithuania,2008,47.09,74.6,90.15,71.71,80.54,364.09,15669
Lithuania,2009,45.99,56.38,97.21,90.7,80.18,370.46,12412
Luxembourg,2000,11.95,20.32,22.33,38.87,87.45,180.92,51841
Luxembourg,2001,11.65,23.41,27.71,39.25,60.19,162.21,51391
Luxembourg,2002,23.17,23.64,22.96,69.72,69.48,208.97,56484
Luxembourg,2003,22.71,14.95,19.72,20.34,65.7,143.42,69768
Luxembourg,2004,14.69,27.06,26.29,17.48,62.23,147.75,80639
Luxembourg,2005,21.46,9.02,21.75,17.17,68.35,137.75,85397
Luxembourg,2006,14.03,8.96,29.33,24.15,73.54,150.01,95351
Luxembourg,2007,6.91,26.55,32.75,33.18,26.46,125.85,112581
Luxembourg,2008,0,11.52,25.73,13.88,42.71,93.84,121315
Luxembourg,2009,3.32,16.8,20.23,22.51,24.76,87.62,109483
Maldives,2000,0,0,0,0,0,0,2524
Maldives,2001,3,5.03,0,0,0,8.03,3406
Maldives,2002,2.74,0,4.15,0,0,6.89,3401
Maldives,2003,0,0,11.57,0,0,11.57,3867
Maldives,2004,0,0,0,0,0,0,4373
Maldives,2005,0,0,0,0,0,0,4026
Maldives,2007,2.08,5.95,0,0,0,8.03,6115
Maldives,2008,0,0,0,0,0,0,7236
Malta,2000,3.32,7.9,17.28,6.55,26.7,61.75,11873
Malta,2001,13.19,11.34,15.48,21.65,0,61.66,11691
Malta,2002,0,10.96,8.66,8.82,0,28.44,12524
Malta,2003,3.31,21.23,7,11.19,24.26,66.99,14444
Malta,2004,6.64,0,10.59,10.67,23.76,51.66,15916
Malta,2005,0,3.38,14.19,10.1,34.39,62.06,16648
Malta,2006,10.12,10.09,14.22,9.65,33.28,77.36,17504
Malta,2007,6.82,16.49,21.32,11.69,10.8,67.12,20333
Malta,2008,3.41,3.22,8.87,9.08,10.45,35.03,23007
Malta,2009,10.18,28.57,17.72,19.84,20.33,96.64,21695
Mauritius,2000,24.32,29.74,24.88,24.03,10.27,113.24,4339
Mauritius,2001,7.83,22.57,19.83,21.97,9.6,81.8,4244
Mauritius,2002,16.91,29.98,25.29,23.15,9.27,104.6,4415
Mauritius,2003,6.05,21.15,13.82,20.66,8.94,70.62,5136
Mauritius,2004,11.21,22.79,19.34,9.95,17.58,80.87,5789
Mauritius,2005,9.31,18.26,21.92,17.33,8.63,75.45,5641
Mauritius,2006,17.61,18.84,20.77,14.78,52.64,124.64,6246
Mauritius,2007,16.49,29.35,21.23,12.61,34.83,114.51,7179
Mauritius,2008,11.2,20.34,12.85,22.58,0,66.97,8716
Mauritius,2009,16.03,20.18,25.56,9.72,7.61,79.1,7873
Mexico,2000,8.36,9.41,8.09,8.36,13.11,47.33,7892
Mexico,2001,8.74,9.6,7.96,8.68,19.25,54.23,8311
Mexico,2002,8.84,9.54,8.32,8.72,14.26,49.68,8357
Mexico,2003,9.16,10,8.68,9.39,16.75,53.98,7779
Mexico,2004,9.02,9.56,8.8,9.22,15.01,51.61,8217
Mexico,2005,8.97,10.22,9.35,8.56,15.98,53.08,9071
Mexico,2006,8.72,9.81,8.82,9.24,13.76,50.35,9906
Mexico,2007,8.46,9.89,8.78,8.93,12.88,48.94,10496
Mexico,2008,9.14,10.01,9.13,9.29,13.17,50.74,10864
Mexico,2009,9.33,10.22,10.04,9.68,14.24,53.51,8651
Montenegro,2000,0,0,0,0,0,0,1701
Montenegro,2001,0,0,0,0,0,0,2004
Montenegro,2002,0,0,0,0,0,0,2220
Montenegro,2003,0,0,0,0,0,0,2946
Montenegro,2004,0,0,0,0,0,0,3565
Montenegro,2005,3.96,36.21,33.83,57.38,57.75,189.13,3870
Montenegro,2006,0,0,0,0,0,0,4654
Montenegro,2007,10.02,26.36,31.62,55.47,131.39,254.86,6268
Montenegro,2008,14.16,19.35,25.87,56.16,75.4,190.94,7705
Montenegro,2009,6.16,2.11,40.2,42.15,119.35,209.97,7023
Netherlands,2000,9.37,12.95,17.87,15.36,28.32,83.87,27644
Netherlands,2001,7.33,14.97,18.21,14.89,27.71,83.11,28366
Netherlands,2002,8.18,15.02,19.42,15.61,25.7,83.93,30757
Netherlands,2003,6.9,14.25,18.48,16.35,21.81,77.79,37614
Netherlands,2004,7.28,12.61,19.62,14.85,22.62,76.98,42614
Netherlands,2005,7.86,13.35,20.1,16.25,21.17,78.73,44289
Netherlands,2006,9.13,13.69,18.66,15.27,24.39,81.14,47281
Netherlands,2007,7.18,11.19,17.03,15.05,18.91,69.36,54418
Netherlands,2008,6.61,11.83,18.46,14.83,20.75,72.48,60375
Netherlands,2009,7.51,11.46,19.41,16.7,22.48,77.56,54988
New Zealand,2000,30.38,38.83,20.92,19.8,20.77,130.7,14725
New Zealand,2001,32.29,34.83,23.88,18.34,31.22,140.56,14968
New Zealand,2002,23.53,31.16,23.78,19.38,19.21,117.06,18208
New Zealand,2003,22.53,30.29,25.58,18.46,31.09,127.95,23663
New Zealand,2004,28,28.63,23.35,17.85,31.39,129.22,27325
New Zealand,2005,27.97,32.52,23.94,17.31,17.33,119.07,29803
New Zealand,2006,31.12,27.37,23.28,20,14.59,116.36,28628
New Zealand,2007,22.58,30.47,25.47,14.65,23.22,116.39,34892
New Zealand,2008,26.39,26.56,23.52,18.88,17.69,113.04,33585
New Zealand,2009,29.35,23.94,24.33,16.21,23.91,117.74,30259
Norway,2000,25.3,23.79,23.43,21.04,20.9,114.46,41099
Norway,2001,22.08,22.24,22.39,23.89,29.96,120.56,41281
Norway,2002,17.64,22.05,17.84,21.86,27.53,106.92,46049
Norway,2003,20.65,21.28,20.49,19.74,20.56,102.72,53533
Norway,2004,20.35,18.32,20.94,18.23,21.91,99.75,61450
Norway,2005,17.23,23.06,20.3,17.3,18.72,96.61,71215
Norway,2006,22.93,20.14,20.07,20.81,25.23,109.18,79007
Norway,2007,14.82,19.21,18.6,16,22.84,91.47,90797
Norway,2008,15.44,18.74,18.3,18.22,21.32,92.02,103431
Norway,2009,16.05,20.18,21.77,23.7,26.43,108.13,85394
Oman,2009,0.81,1.63,0.24,0,18.51,21.19,18557
Panama,2000,8.52,11.75,13.73,9.73,33.11,76.84,4577
Panama,2001,11.49,15.38,10.86,14.51,22.13,74.37,4558
Panama,2002,9.04,10.19,13.11,18.25,9.08,59.67,4641
Panama,2003,15.91,15.22,14.36,14.24,29.03,88.76,4790
Panama,2004,9.2,15.73,13.61,14.4,16.74,69.68,5144
Panama,2005,12.7,10.47,11.06,17.67,13.43,65.33,5499
Panama,2006,11.29,16.03,11.74,18.31,28.23,85.6,5972
Panama,2007,9.92,9.51,15.58,12.97,17.22,65.2,6876
Panama,2008,13.33,15.01,9.12,13.09,7.09,57.64,7972
Panama,2009,9.13,15.21,9.79,14.81,9.09,58.03,8436
Paraguay,2000,5.21,8.81,5.34,8.13,2.65,30.14,1782
Paraguay,2001,6.68,4.19,2.88,8.86,20.07,42.68,1630
Paraguay,2002,7.37,6.4,5.98,4.28,4.76,28.79,1315
Paraguay,2003,6.66,4,7.82,7.34,15.89,41.71,1339
Paraguay,2004,8.84,8.28,6.21,8.83,15.26,47.42,1598
Paraguay,2005,8.81,5.68,6.95,9.74,14.78,45.96,1704
Paraguay,2006,9.93,8.23,8.38,7.31,16.26,50.11,2038
Paraguay,2007,6.95,8.83,6.59,8.57,17.77,48.71,2599
Paraguay,2008,7.8,9.16,6.03,8.21,13.47,44.67,3438
Paraguay,2009,11.27,8.84,8.77,11.47,13.11,53.46,2920
Philippines,2000,4.02,4.64,3.95,5.11,6.69,24.41,1205
Philippines,2001,3.87,4.06,3.06,4.25,6.46,21.7,1109
Philippines,2002,4.23,4.33,3.17,3.68,6.31,21.72,1158
Philippines,2003,3.93,5.22,4.08,4.1,7.76,25.09,1169
Philippines,2006,4.55,5.51,4.35,5.42,9.27,29.1,1599
Philippines,2007,4.84,4.43,4.21,4.14,4.98,22.6,1915
Philippines,2008,4.89,5.28,4.24,4.3,7.11,25.82,2188
Philippines,2009,5.19,5.36,4.75,4.83,6.9,27.03,2073
Poland,2000,19.78,26.51,42.14,34.42,37.77,160.62,4744
Poland,2001,19.55,26.78,43.53,37.12,28.27,155.25,5249
Poland,2002,19.69,26.75,42.42,35.46,28.7,153.02,5466
Poland,2003,19.56,26.05,42.54,36.04,29.59,153.78,5983
Poland,2004,20.64,27.14,42.95,38.75,30.93,160.41,7014
Poland,2005,19.81,25.29,43.34,38.71,32.35,159.5,8417
Poland,2006,18.97,23.76,41.21,37.16,34.41,155.51,9485
Poland,2007,18.99,21.22,35.12,35.11,31.79,142.23,11816
Poland,2008,19.58,23.59,39.07,37,33.79,153.03,14721
Poland,2009,21.32,24.7,44.78,44.23,34.24,169.27,12141
Portugal,2000,3.7,5.15,7.46,15.02,40.33,71.66,12152
Portugal,2001,5.54,11.17,10.52,18.6,48.8,94.63,12391
Portugal,2002,6.98,14.75,20.3,31.42,67.63,141.08,13614
Portugal,2003,5.62,12.79,18.61,29.26,69.22,135.5,16671
Portugal,2007,4.17,9.02,14.18,23.84,62.88,114.09,24003
Portugal,2008,4.42,9.71,16,24.64,59.72,114.49,26121
Portugal,2009,6.86,9.83,15.77,23.79,59.22,115.47,24254
Puerto Rico,2000,10.39,16.61,28.04,21.1,23.73,99.87,17569
Puerto Rico,2001,12.39,15.74,20.55,22.24,24.54,95.46,19649
Puerto Rico,2002,5.25,14.15,17.73,16.91,26.7,80.74,20325
Puerto Rico,2003,11.24,11.07,22.66,18.16,27.75,90.88,21264
Puerto Rico,2004,8.31,18.71,22.46,18.38,33.73,101.59,22874
Puerto Rico,2005,9.67,14.92,21.34,21.42,24.14,91.49,23944
Puerto Rico,2006,12.8,13.71,20.04,21.24,21.41,89.2,24943
Puerto Rico,2007,5.43,19.73,21.39,16.23,16.48,79.26,25625
Puerto Rico,2008,7.17,14.02,23.79,22.31,25.73,93.02,26840
Puerto Rico,2009,8.57,19.34,24.56,27.99,36.15,116.61,27661
Qatar,2001,4.14,5.03,7.76,0,0,16.93,32510
Qatar,2004,2.94,3.14,7.36,0,0,13.44,45517
Qatar,2005,9.56,3.25,1.33,3.05,0,17.19,55899
Qatar,2006,1.67,3.49,5.14,2.95,66.18,79.43,64762
Qatar,2007,3.78,5.01,4.64,8.14,0,21.57,71460
Qatar,2008,0.54,3.65,4.63,2.45,0,11.27,87961
Qatar,2009,4.12,4,3.39,4.44,0,15.95,64911
Republic of Korea,2000,10.24,16.31,27.08,41.74,81.49,176.86,12686
Republic of Korea,2001,9.1,18.41,27.64,47.6,91.34,194.09,11922
Republic of Korea,2002,9.75,21.65,33.16,56.7,130.46,251.72,13501
Republic of Korea,2003,13.13,24.71,39.9,73.83,170.86,322.43,14971
Republic of Korea,2004,11.44,21.18,41.84,81.63,172.8,328.89,16708
Republic of Korea,2005,11.81,23.74,39.31,81.92,176.33,333.11,19460
Republic of Korea,2006,9.69,18.16,35.4,74.16,154.63,292.04,21753
Republic of Korea,2007,11.79,23.97,34.88,72.72,172.86,316.22,23982
Republic of Korea,2008,13.92,23.79,38.51,73.41,154.92,304.55,21278
Republic of Korea,2009,15.81,31.32,46.95,79.47,173.86,347.41,19036
Romania,2000,10.18,19.66,34.13,34.01,30.39,128.37,1758
Romania,2001,10.23,19.2,36.51,28.19,28.5,122.63,1914
Romania,2002,11.38,19.98,40.52,34.66,35.12,141.66,2231
Romania,2003,9.06,19.36,36.54,35.53,30.16,130.65,2898
Romania,2004,9.65,17.48,33.66,34.47,29.09,124.35,3698
Romania,2005,8.96,16.31,31.55,31.57,29.76,118.15,4847
Romania,2006,9.09,16.68,33.18,33.75,29.04,121.74,6018
Romania,2007,8.36,14.13,28.26,31.1,28.41,110.26,8593
Romania,2008,10.92,13.36,27.86,31.24,31.16,114.54,10454
Romania,2009,10.47,15.77,31.01,33.19,31.03,121.47,8465
Russian Federation,2000,57.73,86.32,98.53,93.9,84.4,420.88,1879
Russian Federation,2001,60.14,88.17,99,92.06,83.23,422.6,2229
Russian Federation,2002,56.91,85.62,94.36,89.47,79.95,406.31,2527
Russian Federation,2003,50.05,78.8,88.93,83.8,90.8,392.38,3141
Russian Federation,2004,47.41,76.04,83.79,77.73,88.93,373.9,4312
Russian Federation,2005,46.53,73.7,77.09,71.6,84.79,353.71,5611
Russian Federation,2006,43.69,70.94,68.94,65.27,86.49,335.33,7313
Russian Federation,2007,44.32,69.01,64.76,60.25,82.35,320.69,9643
Russian Federation,2008,42.74,61.85,59.12,56.28,84.37,304.36,12359
Russian Federation,2009,42.81,63.59,58.89,52.95,76.21,294.45,9118
Saint Lucia,2000,0,25.46,12.7,43.23,83.4,164.79,5557
Saint Lucia,2001,13.31,25.22,6.12,14.43,0,59.08,5195
Saint Lucia,2002,13,16.64,5.93,14.34,81.6,131.51,5155
Saint Lucia,2003,6.35,16.45,5.74,14.15,41.2,83.89,5599
Saint Lucia,2004,0,16.2,22.27,27.7,0,66.17,5989
Saint Lucia,2005,6.08,7.95,10.79,0,0,24.82,6292
Saint Lucia,2006,0,0,5.15,12.68,0,17.83,7391
Saint Lucia,2008,0,0,0,0,0,0,8122
Saint Lucia,2009,19.18,15,27.32,20.82,0,82.32,7902
Saint Vincent and Grenadines,2000,18.17,0,25.94,0,0,44.11,4087
Saint Vincent and Grenadines,2001,0,23.1,25.02,20.84,79.37,148.33,4418
Saint Vincent and Grenadines,2002,9.23,11.48,16.15,0,157.48,194.34,4723
Saint Vincent and Grenadines,2003,0,22.79,7.84,20.28,0,50.91,4902
Saint Vincent and Grenadines,2004,0,11.33,15.25,19.88,0,46.46,5286
Saint Vincent and Grenadines,2005,37.94,11.3,14.86,0,0,64.1,5556
Saint Vincent and Grenadines,2006,9.55,11.24,14.6,0,78.8,114.19,6142
Saint Vincent and Grenadines,2007,28.84,44.81,28.74,0,0,102.39,6539
Saint Vincent and Grenadines,2008,0,0,14.18,18.45,0,32.63,6966
Saint Vincent and Grenadines,2009,0,11.18,0,0,0,11.18,6754
San Marino,2000,0,47.26,0,0,0,47.26,43435
San Marino,2005,0,0,0,34.01,0,34.01,69301
Serbia,2000,15.91,20.29,27.84,52.85,119.14,236.03,915
Serbia,2001,13.68,18.85,29.98,47.12,113.84,223.47,1718
Serbia,2002,13.37,19.02,28.22,53.07,108.72,222.4,2258
Serbia,2003,12.5,17.82,31.57,44.62,98.29,204.8,2979
Serbia,2004,10.86,14.66,27.66,48.77,103.2,205.15,3508
Serbia,2005,9.02,16.87,27.98,49.41,108.27,211.55,3719
Serbia,2006,10.58,18.11,29.98,47.24,103.55,209.46,4353
Serbia,2007,12.41,17.03,26.51,47.22,91.59,194.76,5748
Serbia,2008,8.65,18.3,29.33,37.6,85.47,179.35,7049
Serbia,2009,8.18,16.32,32.99,42.89,96.2,196.58,6116
Seychelles,2001,0,28.54,20.23,28.41,0,77.18,8257
Seychelles,2002,12.26,27.36,9.57,0,104.93,154.12,9070
Seychelles,2003,12.19,13.15,27.15,29.2,0,81.69,9001
Seychelles,2004,12.23,25.35,25.69,0,0,63.27,10526
Seychelles,2005,12.36,0,16.25,28.56,0,57.17,11361
Seychelles,2006,12.37,0,31.59,26.87,204.92,275.75,12442
Seychelles,2007,0,11.95,23.03,0,99.7,134.68,12554
Seychelles,2008,12.32,11.83,14.92,0,0,39.07,11667
Seychelles,2009,0,0,21.8,22.01,0,43.81,10157
Singapore,2000,6.51,12.54,15.65,25.37,49.08,109.15,31446
Singapore,2001,9.71,16.18,11.34,20.53,51.72,109.48,28774
Singapore,2002,6.93,14.29,14.94,15.98,51.08,103.22,29048
Singapore,2003,10.84,14.4,12.83,17.82,55.84,111.73,30067
Singapore,2004,5.69,12.92,14.54,19.84,57.01,110,34799
Singapore,2005,6.84,13.93,16.34,22.86,72.4,132.37,38122
Singapore,2006,6.24,9.36,19.17,22.41,29.98,87.16,43318
Singapore,2007,9.91,10.63,12.64,15.36,60,108.54,53098
Singapore,2008,3.64,10.15,15.11,17.36,58.95,105.21,55735
Singapore,2009,8.25,14.93,15.88,16.67,43.65,99.38,54413
Slovakia,2000,14.07,20.59,35.72,36.41,42.6,149.39,5696
Slovakia,2001,13.04,22.85,35.83,30.98,42.98,145.68,6020
Slovakia,2002,11.26,23.18,37.52,34.03,61.04,167.03,6869
Slovakia,2003,11.43,19.27,44.7,35.89,35.35,146.64,9138
Slovakia,2004,12.07,18.29,36.78,30.65,29.94,127.73,11177
Slovakia,2005,12.95,19.41,34.97,32.55,45.25,145.13,12229
Slovakia,2006,0,0,0,0,0,0,13763
Slovakia,2007,0,0,0,0,0,0,16815
Slovakia,2008,10.05,18.4,28.59,29.87,29.22,116.13,19530
Slovakia,2009,9.8,13.73,31.26,35.22,37.54,127.55,17299
Slovenia,2000,22.33,36.65,60.46,73.53,120.97,313.94,10783
Slovenia,2001,24.5,43.33,56.76,76.77,144.71,346.07,10979
Slovenia,2002,17.28,30.63,60.74,76.29,106.71,291.65,12362
Slovenia,2003,24.5,30.43,58.33,73.83,115.14,302.23,15568
Slovenia,2004,21.55,24.94,51.38,64.36,51.64,213.87,18067
Slovenia,2005,21.33,38.22,48.3,56.96,110.13,274.94,19012
Slovenia,2006,15.73,28.66,50.68,72.83,114.86,282.76,20634
Slovenia,2007,11.46,26.31,38.3,56.01,101.72,233.8,24964
Slovenia,2008,21.37,21.32,38.86,46.54,88.08,216.17,28599
Slovenia,2009,14.34,26.5,42.3,55.25,78.15,216.54,25872
South Africa,2000,0.87,1.53,1.76,1.46,2.15,7.77,3361
South Africa,2001,1.79,2.72,2.16,0.9,3.05,10.62,2953
South Africa,2002,1.12,1.2,1.44,0.82,0.97,5.55,2769
South Africa,2003,1.01,1.56,1.22,0.92,1.89,6.6,4132
South Africa,2004,1.41,2.24,1.81,1.75,2.78,9.99,5323
South Africa,2005,1.65,2.99,2.29,1.43,3.22,11.58,5914
South Africa,2006,1.91,3.5,2.25,2.1,4.79,14.55,6166
South Africa,2007,1.79,2.01,1.98,1.31,1.25,8.34,6708
South Africa,2008,1.85,2.61,2.44,1.37,3.31,11.58,6573
South Africa,2009,1.49,1.78,1.51,1.69,1.6,8.07,6517
Spain,2000,7.67,11.84,13.59,19.13,44.95,97.18,15538
Spain,2001,6.66,11.77,12.52,17.55,41.03,89.53,16169
Spain,2002,6.86,11.61,13,18.08,42.52,92.07,17924
Spain,2003,6.83,12.52,13.42,17.53,42.9,93.2,22701
Spain,2004,6.4,11.2,14.46,16.87,39.24,88.17,26372
Spain,2005,6.11,10.46,13.11,16.74,38.45,84.87,28092
Spain,2006,5.81,9.43,12.62,16.86,35.73,80.45,30246
Spain,2007,4.37,8.38,12.49,15.57,37.62,78.43,34769
Spain,2008,5.35,9.55,14.02,17.02,32.92,78.86,37848
Spain,2009,5.5,8.86,13.35,17.14,34.14,78.99,34470
Sri Lanka,2000,33.88,59.62,65.23,72.97,101.59,333.29,953
Sri Lanka,2001,28.04,51.36,62.14,65.46,79.1,286.1,912
Sri Lanka,2002,28.89,43.23,61.77,60.72,78.03,272.64,951
Sri Lanka,2003,28.57,43.67,61.46,63.32,87.74,284.76,1077
Sri Lanka,2006,24.92,37.17,50.54,54.63,93.81,261.07,1580
Suriname,2000,21.56,26.97,28.58,9.43,0,86.54,2129
Suriname,2001,14.23,51.85,29.5,46.84,26.25,168.67,1798
Suriname,2002,23.36,37.28,26.87,27.79,25.03,140.33,2507
Suriname,2003,16.06,50,26.16,54.73,48.16,195.11,2916
Suriname,2004,13.52,20.11,39.09,44.8,23.39,140.91,3360
Suriname,2005,26.63,45.49,31.46,35.14,22.95,161.67,4009
Suriname,2006,41.54,40.61,59.59,43.2,43.89,228.83,5794
Suriname,2007,25.88,61.19,54.83,42.37,63.59,247.86,6397
Suriname,2008,44.71,58.82,71.7,62.18,82.63,320.04,7601
Suriname,2009,37.86,45.99,68.54,48.46,81.1,281.95,8238
Sweden,2000,12.01,18.2,22.17,25.92,42.22,120.52,30896
Sweden,2001,11.19,16.87,25.05,26.03,42.22,121.36,28429
Sweden,2002,14.63,16.67,25.34,28.01,36.5,121.15,31175
Sweden,2003,11.05,14.25,24.14,24.39,34.1,107.93,38997
Sweden,2004,16.2,14.22,24.18,26.28,35.22,116.1,44831
Sweden,2005,11.95,16.15,23.97,26.28,37.61,115.96,45563
Sweden,2006,12.45,13.47,22.85,27.06,36.47,112.3,48977
Sweden,2007,11.42,17.58,23.82,22.5,32.46,107.78,56531
Sweden,2008,15.49,16.37,23.2,25.98,34.22,115.26,59155
Sweden,2009,14.4,18.87,24.71,25.36,34.41,117.75,49070
Switzerland,2000,18.5,27.72,32.9,36.83,82.35,198.3,39952
Switzerland,2001,21.98,19.44,29.32,39.58,84.82,195.14,40582
Switzerland,2002,17.79,27.54,29.55,39.06,82.65,196.59,43419
Switzerland,2003,18.13,16.84,26.82,33.28,74.39,169.46,50639
Switzerland,2004,14.5,17.27,27.17,33.26,78.56,170.76,56123
Switzerland,2005,15.44,18.25,26.76,34.93,84.67,180.05,57790
Switzerland,2006,14.16,19.38,23.86,35.51,75.94,168.85,60536
Switzerland,2007,16.16,16.23,25.3,36.61,86.54,180.84,66807
Switzerland,2008,13.76,15.71,24.45,32.78,77.14,163.84,76202
Switzerland,2009,15.95,14.05,25.82,30.99,53.17,139.98,73529
Thailand,2000,17.56,23.64,14.83,13.37,12.72,82.12,2169
Thailand,2002,13.8,18.35,14.59,15.52,16.15,78.41,2305
Thailand,2003,10.78,16.78,13.8,14.36,13.67,69.39,2531
Thailand,2004,9.15,16.9,13.19,12.86,12.93,65.03,2849
Thailand,2005,8.73,15.54,11.63,12.29,12.43,60.62,3094
Thailand,2006,7.32,14.2,11.63,11.2,10.85,55.2,3598
Thailand,2007,8.2,14.66,12.19,12.64,14.69,62.38,4461
Thailand,2008,7.58,13.99,12.42,12.44,13.9,60.33,4921
Thailand,2009,7.51,13.2,12.11,13.8,15.35,61.97,4736
Trinidad and Tobago,2000,19.35,32.15,32.53,30.4,33.45,147.88,6920
Trinidad and Tobago,2001,22.1,27.73,36.19,26.57,56.68,169.27,7458
Trinidad and Tobago,2002,21.84,30.59,28.72,27.17,23.66,131.98,7578
Trinidad and Tobago,2003,17.2,25.96,20.9,27.65,30.96,122.67,9465
Trinidad and Tobago,2004,19.45,41.71,27.64,30.65,38.28,157.73,11066
Trinidad and Tobago,2005,13.59,29.81,26.26,15.38,30.53,115.57,13258
Trinidad and Tobago,2006,17.75,23.12,26.1,21.03,22.18,110.18,15190
Trinidad and Tobago,2007,15.93,35.39,19.16,16.68,36.04,123.2,17827
Trinidad and Tobago,2008,19.05,33.35,38.59,34.38,21.19,146.56,22857
Trinidad and Tobago,2009,21.6,23.65,21.11,14.33,20.82,101.51,15652
Turkey,2009,2.18,3.01,3.13,3.34,4.09,15.75,9773
Turkmenistan,2000,22.76,24.14,22.43,11.01,0,80.34,721
Turkmenistan,2001,18.62,31.89,30.64,15.16,15.89,112.2,863
Turkmenistan,2002,19.74,29.85,23.03,14.5,4.8,91.92,1077
Turkmenistan,2003,16.69,27.6,20.64,7.59,8.83,81.35,1431
Turkmenistan,2004,15.34,26.72,21.1,8.88,12.46,84.5,1624
Turkmenistan,2005,21.1,27.12,24.95,18.76,16.01,107.94,1906
Turkmenistan,2006,20.09,29.04,25.96,18.36,19,112.45,2397
Turkmenistan,2007,12.63,19.74,17.66,14.61,7.34,71.98,2916
Turkmenistan,2008,23.94,23.55,22.47,10.98,7.14,88.08,4368
Turkmenistan,2009,8.52,6.84,6.03,4.09,6.96,32.44,4508
Ukraine,2000,29.35,50.43,76.85,83.81,70.3,310.74,663
Ukraine,2001,28.58,47,70.64,76.65,69.8,292.67,812
Ukraine,2002,26.39,50.3,66.99,70,76.6,290.28,920
Ukraine,2003,26.1,49.09,65.99,69,73.38,283.56,1097
Ukraine,2004,24.77,44.55,63.92,59.36,66.49,259.09,1432
Ukraine,2005,22.75,43.53,59.04,56.71,70.08,252.11,1917
Ukraine,2006,22.38,42.91,53.97,52.69,68.11,240.06,2418
Ukraine,2007,26.87,45.27,53.9,50.68,62.29,239.01,3229
Ukraine,2008,24.04,41.88,48.4,48.66,67.72,230.7,4104
Ukraine,2009,26.5,42.55,50.36,48.99,66.33,234.73,2691
United Arab Emirates,2005,1.54,2.47,3.88,2.88,0,10.77,42196
United Arab Emirates,2006,1.18,2.77,2.41,1.75,0,8.11,45110
United Arab Emirates,2007,2.53,2.08,2.36,1.56,0,8.53,45285
United Arab Emirates,2008,2.32,1.35,2.03,2.07,0,7.77,48457
United Arab Emirates,2009,1.92,2.48,1.86,1.86,0,8.12,34960
United Kingdom,2000,10.51,16.93,16.04,10.69,14.03,68.2,29358
United Kingdom,2001,9.89,17.04,16.02,10.56,13.9,67.41,29179
United Kingdom,2002,8.59,18.16,16.36,10.17,10.58,63.86,31630
United Kingdom,2003,8.2,15.83,15.83,10.15,12.43,62.44,36289
United Kingdom,2004,7.97,15.13,17.08,10.44,12.9,63.52,42486
United Kingdom,2005,7.35,14.25,16.18,10.58,12.29,60.65,44372
United Kingdom,2006,7.5,14.26,17.22,11.13,11.1,61.21,47163
United Kingdom,2007,7.37,13.9,15.64,10.31,11.67,58.89,53576
United Kingdom,2008,7.66,15.48,16.83,11.51,11.8,63.28,50111
United Kingdom,2009,7.88,13.94,17.97,11.09,10.2,61.08,41074
United States,2000,17.05,19.57,22.62,20.82,42.4,122.46,39218
United States,2001,16.64,20.98,23.26,22.51,40.55,123.94,40018
United States,2002,16.48,20.47,24.03,23.19,40.83,125,40845
United States,2003,15.96,20.55,23.77,22.69,37.87,120.84,42468
United States,2004,16.77,20.37,23.88,22.25,37.11,120.38,44867
United States,2005,16.16,19.91,24.12,22.41,37.92,120.52,47423
United States,2006,16.15,19.71,24.67,22.73,35.7,118.96,49666
United States,2007,15.81,20.85,25.53,23.64,36.36,122.19,51585
United States,2008,16.05,21.36,26.44,25.52,35.79,125.16,52128
United States,2009,16.09,21.25,27.05,25.69,35.6,125.68,50563
Uruguay,2000,23.21,25.44,35.84,56.97,95.84,237.3,7483
Uruguay,2001,19.38,18.45,32.12,48.11,77.33,195.39,6827
Uruguay,2002,29.72,34.04,39.82,57.9,115.05,276.53,4439
Uruguay,2003,18.79,25.95,27.93,53.1,89.54,215.31,3929
Uruguay,2004,22.12,26.67,30.95,40.9,95.23,215.87,4463
Uruguay,2005,22.18,27.12,24.05,45.18,77.29,195.82,5655
Uruguay,2006,22.14,26.29,23.88,47.57,80.67,200.55,6362
Uruguay,2007,24.73,27.22,32.56,45.79,85.57,215.87,7581
Uruguay,2008,22.14,26.59,32.96,41.09,69.7,192.48,9793
Uruguay,2009,24.59,33.09,26.62,39.08,76.86,200.24,10166
Uzbekistan,2000,14.04,19.26,23.06,19.07,11.5,86.93,632
Uzbekistan,2001,14.07,20,21.47,16.41,13.33,85.28,513
Uzbekistan,2002,12.16,14.95,16.08,12.67,13.72,69.58,428
Uzbekistan,2003,8.51,13.17,15.05,12.66,9.69,59.08,441
Uzbekistan,2004,8.35,11.62,13.26,10.6,6.17,50,516
Uzbekistan,2005,6.33,11.55,13.35,11.62,8.41,51.26,606
Uzbekistan,2009,7.62,10.98,13.15,8.22,3.65,43.62,1332
